source,source.category,target,target.category,vegetarian
almond,Nut,amaretto,Alcohol,8
almond,Nut,apple,Fruit,8
almond,Nut,apricot,Fruit,19
almond,Nut,basil,Herb,5
almond,Nut,berry,Fruit,20
almond,Nut,brandy,Alcohol,9
almond,Nut,bread,Grain,7
almond,Nut,cashew,Nut,11
almond,Nut,cauliflower,Vegetable,5
almond,Nut,cheese,Dairy,8
almond,Nut,cherry,Fruit,27
almond,Nut,chocolate,Misc,32
almond,Nut,cinnamon,Spice,6
almond,Nut,coconut,Fruit,8
almond,Nut,coffee,Misc,7
almond,Nut,cranberry,Fruit,7
almond,Nut,cream cheese,Dairy,13
almond,Nut,currant,Fruit,6
almond,Nut,date,Fruit,7
almond,Nut,dried fruit,Fruit,13
almond,Nut,egg,Poultry,46
almond,Nut,fig,Fruit,5
almond,Nut,garlic,Herb,12
almond,Nut,ginger,Vegetable,13
almond,Nut,hazelnut,Nut,12
almond,Nut,herb,Herb,6
almond,Nut,honey,Condiment,24
almond,Nut,jam or jelly,Condiment,5
almond,Nut,leafy green,Vegetable,9
almond,Nut,lemon,Fruit,13
almond,Nut,milk/cream,Dairy,29
almond,Nut,oat,Grain,9
almond,Nut,onion,Vegetable,5
almond,Nut,orange,Fruit,15
almond,Nut,parmesan,Dairy,5
almond,Nut,parsley,Herb,6
almond,Nut,pasta,Grain,9
almond,Nut,pear,Fruit,10
almond,Nut,pecan,Nut,7
almond,Nut,pistachio,Nut,13
almond,Nut,plum,Fruit,6
almond,Nut,raisin,Fruit,23
almond,Nut,raspberry,Fruit,13
almond,Nut,rice,Grain,8
almond,Nut,sour cream,Dairy,8
almond,Nut,strawberry,Fruit,8
almond,Nut,tomato,Vegetable,7
almond,Nut,vanilla,Condiment,6
almond,Nut,walnut,Nut,15
amaretto,Alcohol,egg,Poultry,7
amaretto,Alcohol,milk/cream,Dairy,5
anise,Spice,cinnamon,Spice,9
anise,Spice,egg,Poultry,8
anise,Spice,ginger,Vegetable,9
anise,Spice,lemon,Fruit,7
anise,Spice,milk/cream,Dairy,6
anise,Spice,vanilla,Condiment,5
apple,Fruit,apricot,Fruit,6
apple,Fruit,berry,Fruit,7
apple,Fruit,blue cheese,Dairy,5
apple,Fruit,brandy,Alcohol,6
apple,Fruit,bread,Grain,5
apple,Fruit,butter,Dairy,5
apple,Fruit,cabbage,Vegetable,16
apple,Fruit,carrot,Vegetable,9
apple,Fruit,celery,Vegetable,11
apple,Fruit,cheddar,Dairy,5
apple,Fruit,cheese,Dairy,10
apple,Fruit,cherry,Fruit,13
apple,Fruit,cinnamon,Spice,23
apple,Fruit,citrus,Fruit,7
apple,Fruit,clove,Spice,5
apple,Fruit,cranberry,Fruit,13
apple,Fruit,cream cheese,Dairy,6
apple,Fruit,currant,Fruit,7
apple,Fruit,dried fruit,Fruit,9
apple,Fruit,egg,Poultry,21
apple,Fruit,endive,Vegetable,5
apple,Fruit,fruit juice,Fruit,15
apple,Fruit,ginger,Vegetable,10
apple,Fruit,hazelnut,Nut,5
apple,Fruit,herb,Herb,6
apple,Fruit,honey,Condiment,13
apple,Fruit,leafy green,Vegetable,15
apple,Fruit,lemon,Fruit,6
apple,Fruit,mayonnaise,Condiment,7
apple,Fruit,milk/cream,Dairy,21
apple,Fruit,nutmeg,Spice,6
apple,Fruit,oat,Grain,12
apple,Fruit,onion,Vegetable,12
apple,Fruit,pear,Fruit,7
apple,Fruit,pecan,Nut,14
apple,Fruit,phyllo/puff pastry dough,Misc,10
apple,Fruit,prune,Fruit,10
apple,Fruit,raisin,Fruit,24
apple,Fruit,rum,Alcohol,8
apple,Fruit,sour cream,Dairy,7
apple,Fruit,sweet potato/yam,Vegetable,7
apple,Fruit,vanilla,Condiment,8
apple,Fruit,vinegar,Condiment,11
apple,Fruit,walnut,Nut,24
apple,Fruit,yogurt,Dairy,6
apricot,Fruit,berry,Fruit,7
apricot,Fruit,brandy,Alcohol,6
apricot,Fruit,cherry,Fruit,19
apricot,Fruit,chocolate,Misc,11
apricot,Fruit,cinnamon,Spice,5
apricot,Fruit,cranberry,Fruit,9
apricot,Fruit,cream cheese,Dairy,10
apricot,Fruit,dried fruit,Fruit,12
apricot,Fruit,egg,Poultry,11
apricot,Fruit,fig,Fruit,6
apricot,Fruit,jam or jelly,Condiment,5
apricot,Fruit,milk/cream,Dairy,5
apricot,Fruit,peach,Fruit,5
apricot,Fruit,pear,Fruit,12
apricot,Fruit,pecan,Nut,8
apricot,Fruit,pineapple,Fruit,5
apricot,Fruit,pistachio,Nut,5
apricot,Fruit,prune,Fruit,8
apricot,Fruit,raisin,Fruit,8
apricot,Fruit,raspberry,Fruit,5
apricot,Fruit,walnut,Nut,5
artichoke,Vegetable,cheese,Dairy,7
artichoke,Vegetable,fennel,Vegetable,5
artichoke,Vegetable,garlic,Herb,9
artichoke,Vegetable,lemon,Fruit,9
artichoke,Vegetable,olive,Vegetable,5
artichoke,Vegetable,parmesan,Dairy,8
artichoke,Vegetable,parsley,Herb,5
artichoke,Vegetable,pasta,Grain,5
artichoke,Vegetable,tomato,Vegetable,6
arugula,Vegetable,bell pepper,Vegetable,9
arugula,Vegetable,cheese,Dairy,9
arugula,Vegetable,eggplant,Vegetable,5
arugula,Vegetable,fennel,Vegetable,7
arugula,Vegetable,goat cheese,Dairy,5
arugula,Vegetable,leafy green,Vegetable,21
arugula,Vegetable,lemon,Fruit,6
arugula,Vegetable,olive,Vegetable,5
arugula,Vegetable,onion,Vegetable,12
arugula,Vegetable,orange,Fruit,6
arugula,Vegetable,parmesan,Dairy,15
arugula,Vegetable,pine nut,Nut,6
arugula,Vegetable,tomato,Vegetable,14
arugula,Vegetable,vinegar,Condiment,6
asparagus,Vegetable,bean,Vegetable,6
asparagus,Vegetable,bell pepper,Vegetable,5
asparagus,Vegetable,cheese,Dairy,9
asparagus,Vegetable,egg,Poultry,8
asparagus,Vegetable,goat cheese,Dairy,8
asparagus,Vegetable,herb,Herb,7
asparagus,Vegetable,lemon,Fruit,5
asparagus,Vegetable,mushroom,Vegetable,10
asparagus,Vegetable,parmesan,Dairy,11
asparagus,Vegetable,pasta,Grain,12
asparagus,Vegetable,potato,Vegetable,5
asparagus,Vegetable,tomato,Vegetable,6
avocado,Vegetable,bean,Vegetable,7
avocado,Vegetable,carrot,Vegetable,5
avocado,Vegetable,cheese,Dairy,6
avocado,Vegetable,cilantro,Herb,14
avocado,Vegetable,garlic,Herb,7
avocado,Vegetable,herb,Herb,6
avocado,Vegetable,hot pepper,Vegetable,7
avocado,Vegetable,jalapeno,Vegetable,7
avocado,Vegetable,leafy green,Vegetable,10
avocado,Vegetable,onion,Vegetable,13
avocado,Vegetable,orange,Fruit,9
avocado,Vegetable,tomatillo,Vegetable,7
avocado,Vegetable,tomato,Vegetable,17
avocado,Vegetable,tortillas,Misc,9
banana,Fruit,bread,Grain,6
banana,Fruit,chocolate,Misc,13
banana,Fruit,coconut,Fruit,6
banana,Fruit,cream cheese,Dairy,6
banana,Fruit,egg,Poultry,9
banana,Fruit,mango,Fruit,7
banana,Fruit,milk/cream,Dairy,16
banana,Fruit,pecan,Nut,12
banana,Fruit,pineapple,Fruit,10
banana,Fruit,rum,Alcohol,12
banana,Fruit,strawberry,Fruit,6
banana,Fruit,yogurt,Dairy,5
barley,Grain,herb,Herb,5
basil,Herb,bean,Vegetable,6
basil,Herb,bell pepper,Vegetable,18
basil,Herb,capers,Vegetable,5
basil,Herb,cheese,Dairy,27
basil,Herb,cilantro,Herb,6
basil,Herb,corn,Vegetable,11
basil,Herb,egg,Poultry,8
basil,Herb,eggplant,Vegetable,20
basil,Herb,garlic,Herb,25
basil,Herb,goat cheese,Dairy,19
basil,Herb,green bean,Vegetable,8
basil,Herb,herb,Herb,26
basil,Herb,leafy green,Vegetable,6
basil,Herb,lemon,Fruit,7
basil,Herb,milk/cream,Dairy,9
basil,Herb,mint,Herb,14
basil,Herb,mozzarella,Dairy,14
basil,Herb,olive,Vegetable,7
basil,Herb,onion,Vegetable,6
basil,Herb,parmesan,Dairy,19
basil,Herb,parsley,Herb,11
basil,Herb,pasta,Grain,35
basil,Herb,pine nut,Nut,7
basil,Herb,potato,Vegetable,6
basil,Herb,ricotta,Dairy,6
basil,Herb,tomato,Vegetable,64
basil,Herb,zucchini,Vegetable,16
bean,Vegetable,bell pepper,Vegetable,10
bean,Vegetable,cheese,Dairy,20
bean,Vegetable,chickpea,Vegetable,16
bean,Vegetable,cilantro,Herb,11
bean,Vegetable,corn,Vegetable,11
bean,Vegetable,egg,Poultry,7
bean,Vegetable,feta,Dairy,8
bean,Vegetable,garlic,Herb,24
bean,Vegetable,green bean,Vegetable,12
bean,Vegetable,herb,Herb,13
bean,Vegetable,jalapeno,Vegetable,7
bean,Vegetable,leafy green,Vegetable,9
bean,Vegetable,legume,Legume,10
bean,Vegetable,lemon,Fruit,5
bean,Vegetable,lentil,Legume,7
bean,Vegetable,mint,Herb,5
bean,Vegetable,monterey jack,Dairy,5
bean,Vegetable,mushroom,Vegetable,5
bean,Vegetable,onion,Vegetable,30
bean,Vegetable,parmesan,Dairy,7
bean,Vegetable,pasta,Grain,18
bean,Vegetable,pepper,Vegetable,8
bean,Vegetable,potato,Vegetable,8
bean,Vegetable,rice,Grain,8
bean,Vegetable,spinach,Vegetable,5
bean,Vegetable,tomato,Vegetable,31
bean,Vegetable,tortillas,Misc,11
bean,Vegetable,zucchini,Vegetable,5
beet,Vegetable,carrot,Vegetable,14
beet,Vegetable,chard,Vegetable,5
beet,Vegetable,cheese,Dairy,9
beet,Vegetable,citrus,Fruit,6
beet,Vegetable,egg,Poultry,5
beet,Vegetable,fennel,Vegetable,6
beet,Vegetable,feta,Dairy,6
beet,Vegetable,goat cheese,Dairy,14
beet,Vegetable,herb,Herb,7
beet,Vegetable,horseradish,Vegetable,7
beet,Vegetable,leafy green,Vegetable,16
beet,Vegetable,mint,Herb,5
beet,Vegetable,onion,Vegetable,9
beet,Vegetable,orange,Fruit,6
beet,Vegetable,pasta,Grain,6
beet,Vegetable,radish,Vegetable,5
beet,Vegetable,sour cream,Dairy,7
beet,Vegetable,tomato,Vegetable,5
beet,Vegetable,vinegar,Condiment,12
beet,Vegetable,walnut,Nut,11
bell pepper,Vegetable,bread,Grain,6
bell pepper,Vegetable,broccoli,Vegetable,6
bell pepper,Vegetable,cabbage,Vegetable,8
bell pepper,Vegetable,carrot,Vegetable,14
bell pepper,Vegetable,cheddar,Dairy,8
bell pepper,Vegetable,cheese,Dairy,21
bell pepper,Vegetable,chickpea,Vegetable,5
bell pepper,Vegetable,cilantro,Herb,14
bell pepper,Vegetable,corn,Vegetable,13
bell pepper,Vegetable,cucumber,Vegetable,7
bell pepper,Vegetable,egg,Poultry,11
bell pepper,Vegetable,eggplant,Vegetable,29
bell pepper,Vegetable,feta,Dairy,7
bell pepper,Vegetable,garlic,Herb,15
bell pepper,Vegetable,ginger,Vegetable,8
bell pepper,Vegetable,goat cheese,Dairy,10
bell pepper,Vegetable,herb,Herb,15
bell pepper,Vegetable,hot pepper,Vegetable,8
bell pepper,Vegetable,jalapeno,Vegetable,9
bell pepper,Vegetable,leafy green,Vegetable,7
bell pepper,Vegetable,mayonnaise,Condiment,7
bell pepper,Vegetable,milk/cream,Dairy,9
bell pepper,Vegetable,mushroom,Vegetable,12
bell pepper,Vegetable,olive,Vegetable,13
bell pepper,Vegetable,onion,Vegetable,36
bell pepper,Vegetable,parmesan,Dairy,9
bell pepper,Vegetable,pasta,Grain,14
bell pepper,Vegetable,pepper,Vegetable,33
bell pepper,Vegetable,pine nut,Nut,6
bell pepper,Vegetable,potato,Vegetable,12
bell pepper,Vegetable,spinach,Vegetable,7
bell pepper,Vegetable,squash,Vegetable,6
bell pepper,Vegetable,thyme,Herb,5
bell pepper,Vegetable,tomato,Vegetable,37
bell pepper,Vegetable,vinegar,Condiment,10
bell pepper,Vegetable,yellow squash,Vegetable,10
bell pepper,Vegetable,zucchini,Vegetable,21
berry,Fruit,blackberry,Fruit,22
berry,Fruit,blueberry,Fruit,37
berry,Fruit,cheese,Dairy,7
berry,Fruit,cherry,Fruit,8
berry,Fruit,chocolate,Misc,19
berry,Fruit,citrus,Fruit,27
berry,Fruit,cranberry,Fruit,24
berry,Fruit,cream cheese,Dairy,12
berry,Fruit,egg,Poultry,22
berry,Fruit,ginger,Vegetable,8
berry,Fruit,herb,Herb,6
berry,Fruit,lemon,Fruit,23
berry,Fruit,lime,Fruit,5
berry,Fruit,liqueur,Alcohol,6
berry,Fruit,milk/cream,Dairy,31
berry,Fruit,nectarine,Fruit,5
berry,Fruit,peach,Fruit,9
berry,Fruit,pear,Fruit,8
berry,Fruit,pistachio,Nut,5
berry,Fruit,raspberry,Fruit,42
berry,Fruit,rhubarb,Fruit,6
berry,Fruit,strawberry,Fruit,49
berry,Fruit,vanilla,Condiment,8
berry,Fruit,vinegar,Condiment,6
berry,Fruit,walnut,Nut,7
blackberry,Fruit,blueberry,Fruit,15
blackberry,Fruit,egg,Poultry,14
blackberry,Fruit,lemon,Fruit,7
blackberry,Fruit,mango,Fruit,6
blackberry,Fruit,milk/cream,Dairy,16
blackberry,Fruit,raspberry,Fruit,21
blackberry,Fruit,strawberry,Fruit,7
blue cheese,Dairy,celery,Vegetable,5
blue cheese,Dairy,cheese,Dairy,32
blue cheese,Dairy,endive,Vegetable,8
blue cheese,Dairy,fig,Fruit,7
blue cheese,Dairy,leafy green,Vegetable,15
blue cheese,Dairy,milk/cream,Dairy,13
blue cheese,Dairy,onion,Vegetable,9
blue cheese,Dairy,parmesan,Dairy,7
blue cheese,Dairy,pasta,Grain,5
blue cheese,Dairy,pear,Fruit,7
blue cheese,Dairy,potato,Vegetable,9
blue cheese,Dairy,sour cream,Dairy,5
blue cheese,Dairy,spinach,Vegetable,5
blue cheese,Dairy,tomato,Vegetable,6
blue cheese,Dairy,walnut,Nut,13
blueberry,Fruit,bread,Grain,7
blueberry,Fruit,citrus,Fruit,13
blueberry,Fruit,cornmeal,Grain,7
blueberry,Fruit,cream cheese,Dairy,7
blueberry,Fruit,egg,Poultry,9
blueberry,Fruit,lemon,Fruit,28
blueberry,Fruit,milk/cream,Dairy,22
blueberry,Fruit,mint,Herb,5
blueberry,Fruit,raspberry,Fruit,19
blueberry,Fruit,strawberry,Fruit,14
bok choy,Vegetable,ginger,Vegetable,5
bourbon,Alcohol,egg,Poultry,8
bourbon,Alcohol,milk/cream,Dairy,9
bourbon,Alcohol,pecan,Nut,10
brandy,Alcohol,cherry,Fruit,8
brandy,Alcohol,chocolate,Misc,12
brandy,Alcohol,dried fruit,Fruit,7
brandy,Alcohol,egg,Poultry,6
brandy,Alcohol,honey,Condiment,6
brandy,Alcohol,milk/cream,Dairy,10
brandy,Alcohol,pear,Fruit,6
brandy,Alcohol,prune,Fruit,9
brandy,Alcohol,raisin,Fruit,9
brandy,Alcohol,raspberry,Fruit,5
bread,Grain,cheddar,Dairy,12
bread,Grain,cheese,Dairy,9
bread,Grain,chocolate,Misc,6
bread,Grain,cinnamon,Spice,8
bread,Grain,citrus,Fruit,6
bread,Grain,corn,Vegetable,5
bread,Grain,cornmeal,Grain,41
bread,Grain,date,Fruit,5
bread,Grain,dried fruit,Fruit,5
bread,Grain,egg,Poultry,35
bread,Grain,ginger,Vegetable,6
bread,Grain,herb,Herb,6
bread,Grain,hominy/cornmeal/masa,Grain,6
bread,Grain,honey,Condiment,6
bread,Grain,milk/cream,Dairy,43
bread,Grain,molasses,Condiment,5
bread,Grain,mushroom,Vegetable,6
bread,Grain,oat,Grain,7
bread,Grain,onion,Vegetable,6
bread,Grain,orange,Fruit,6
bread,Grain,pecan,Nut,10
bread,Grain,pumpkin,Vegetable,5
bread,Grain,raisin,Fruit,13
bread,Grain,sour cream,Dairy,6
bread,Grain,walnut,Nut,12
bread,Grain,whole wheat,Grain,7
broccoli,Vegetable,carrot,Vegetable,6
broccoli,Vegetable,cheese,Dairy,8
broccoli,Vegetable,garlic,Herb,10
broccoli,Vegetable,parmesan,Dairy,9
broccoli,Vegetable,pasta,Grain,7
broccoli rabe,Vegetable,cheese,Dairy,5
broccoli rabe,Vegetable,garlic,Herb,12
butter,Dairy,chocolate,Misc,9
butter,Dairy,cinnamon,Spice,5
butter,Dairy,cream cheese,Dairy,6
butter,Dairy,egg,Poultry,18
butter,Dairy,milk/cream,Dairy,11
butter,Dairy,vanilla,Condiment,5
buttermilk,Dairy,cream cheese,Dairy,5
buttermilk,Dairy,egg,Poultry,5
buttermilk,Dairy,orange,Fruit,5
buttermilk,Dairy,raspberry,Fruit,5
butternut squash,Vegetable,cheese,Dairy,6
butternut squash,Vegetable,garlic,Herb,5
butternut squash,Vegetable,milk/cream,Dairy,6
butternut squash,Vegetable,parmesan,Dairy,10
butternut squash,Vegetable,pasta,Grain,10
butternut squash,Vegetable,sage,Herb,9
butternut squash,Vegetable,squash,Vegetable,10
cabbage,Vegetable,carrot,Vegetable,26
cabbage,Vegetable,cilantro,Herb,7
cabbage,Vegetable,ginger,Vegetable,9
cabbage,Vegetable,herb,Herb,5
cabbage,Vegetable,hot pepper,Vegetable,6
cabbage,Vegetable,leafy green,Vegetable,6
cabbage,Vegetable,mayonnaise,Condiment,13
cabbage,Vegetable,mustard,Condiment,7
cabbage,Vegetable,onion,Vegetable,18
cabbage,Vegetable,sour cream,Dairy,8
cabbage,Vegetable,vinegar,Condiment,19
cantaloupe,Fruit,honeydew,Fruit,6
cantaloupe,Fruit,melon,Fruit,5
capers,Vegetable,eggplant,Vegetable,7
capers,Vegetable,olive,Vegetable,8
capers,Vegetable,tomato,Vegetable,7
carrot,Vegetable,celery,Vegetable,10
carrot,Vegetable,cheese,Dairy,6
carrot,Vegetable,cilantro,Herb,12
carrot,Vegetable,citrus,Fruit,6
carrot,Vegetable,coconut,Fruit,8
carrot,Vegetable,corn,Vegetable,5
carrot,Vegetable,cream cheese,Dairy,10
carrot,Vegetable,dill,Vegetable,7
carrot,Vegetable,fennel,Vegetable,9
carrot,Vegetable,garlic,Herb,13
carrot,Vegetable,ginger,Vegetable,18
carrot,Vegetable,herb,Herb,11
carrot,Vegetable,honey,Condiment,7
carrot,Vegetable,hot pepper,Vegetable,8
carrot,Vegetable,leafy green,Vegetable,6
carrot,Vegetable,leek,Vegetable,6
carrot,Vegetable,lemon,Fruit,9
carrot,Vegetable,mayonnaise,Condiment,12
carrot,Vegetable,milk/cream,Dairy,8
carrot,Vegetable,mushroom,Vegetable,6
carrot,Vegetable,mustard,Condiment,5
carrot,Vegetable,noodle,Grain,5
carrot,Vegetable,onion,Vegetable,28
carrot,Vegetable,orange,Fruit,10
carrot,Vegetable,parsley,Herb,7
carrot,Vegetable,parsnip,Vegetable,14
carrot,Vegetable,pasta,Grain,7
carrot,Vegetable,pea,Vegetable,5
carrot,Vegetable,potato,Vegetable,21
carrot,Vegetable,radish,Vegetable,8
carrot,Vegetable,rice,Grain,6
carrot,Vegetable,squash,Vegetable,6
carrot,Vegetable,sweet potato/yam,Vegetable,8
carrot,Vegetable,tomato,Vegetable,6
carrot,Vegetable,turnip,Vegetable,12
carrot,Vegetable,vinegar,Condiment,13
carrot,Vegetable,walnut,Nut,5
carrot,Vegetable,yogurt,Dairy,5
carrot,Vegetable,zucchini,Vegetable,9
cashew,Nut,honey,Condiment,7
cashew,Nut,pecan,Nut,5
cauliflower,Vegetable,cheese,Dairy,7
cauliflower,Vegetable,curry,Spice,5
cauliflower,Vegetable,garlic,Herb,6
cauliflower,Vegetable,herb,Herb,8
cauliflower,Vegetable,potato,Vegetable,7
cauliflower,Vegetable,tomato,Vegetable,5
celery,Vegetable,cheese,Dairy,6
celery,Vegetable,egg,Poultry,5
celery,Vegetable,garlic,Herb,5
celery,Vegetable,herb,Herb,6
celery,Vegetable,lemon,Fruit,7
celery,Vegetable,mayonnaise,Condiment,7
celery,Vegetable,onion,Vegetable,12
celery,Vegetable,parsley,Herb,8
celery,Vegetable,potato,Vegetable,10
celery,Vegetable,vinegar,Condiment,5
champagne,Alcohol,fruit juice,Fruit,8
champagne,Alcohol,orange,Fruit,6
champagne,Alcohol,sparkling wine,Alcohol,5
chard,Vegetable,leafy green,Vegetable,14
chard,Vegetable,onion,Vegetable,6
chard,Vegetable,pine nut,Nut,5
chard,Vegetable,raisin,Fruit,6
cheddar,Dairy,cheese,Dairy,30
cheddar,Dairy,cornmeal,Grain,11
cheddar,Dairy,cream cheese,Dairy,5
cheddar,Dairy,egg,Poultry,20
cheddar,Dairy,hot pepper,Vegetable,5
cheddar,Dairy,milk/cream,Dairy,18
cheddar,Dairy,monterey jack,Dairy,6
cheddar,Dairy,mushroom,Vegetable,5
cheddar,Dairy,pepper,Vegetable,6
cheddar,Dairy,potato,Vegetable,11
cheddar,Dairy,sour cream,Dairy,6
cheddar,Dairy,tomato,Vegetable,5
cheese,Dairy,chile pepper,Vegetable,5
cheese,Dairy,chive,Vegetable,8
cheese,Dairy,chocolate,Misc,7
cheese,Dairy,cilantro,Herb,7
cheese,Dairy,citrus,Fruit,20
cheese,Dairy,corn,Vegetable,13
cheese,Dairy,cornmeal,Grain,8
cheese,Dairy,cream cheese,Dairy,29
cheese,Dairy,egg,Poultry,60
cheese,Dairy,eggplant,Vegetable,16
cheese,Dairy,endive,Vegetable,10
cheese,Dairy,fennel,Vegetable,5
cheese,Dairy,feta,Dairy,21
cheese,Dairy,fig,Fruit,10
cheese,Dairy,fontina,Dairy,6
cheese,Dairy,garlic,Herb,42
cheese,Dairy,goat cheese,Dairy,40
cheese,Dairy,herb,Herb,73
cheese,Dairy,hot pepper,Vegetable,13
cheese,Dairy,leafy green,Vegetable,39
cheese,Dairy,leek,Vegetable,9
cheese,Dairy,lemon,Fruit,8
cheese,Dairy,milk/cream,Dairy,38
cheese,Dairy,mint,Herb,12
cheese,Dairy,mozzarella,Dairy,20
cheese,Dairy,mushroom,Vegetable,33
cheese,Dairy,mustard,Condiment,9
cheese,Dairy,noodle,Grain,7
cheese,Dairy,olive,Vegetable,21
cheese,Dairy,onion,Vegetable,53
cheese,Dairy,orange,Fruit,6
cheese,Dairy,parmesan,Dairy,52
cheese,Dairy,parsley,Herb,17
cheese,Dairy,pasta,Grain,69
cheese,Dairy,pea,Vegetable,5
cheese,Dairy,pear,Fruit,6
cheese,Dairy,pepper,Vegetable,27
cheese,Dairy,phyllo/puff pastry dough,Misc,10
cheese,Dairy,pine nut,Nut,10
cheese,Dairy,potato,Vegetable,39
cheese,Dairy,rice,Grain,9
cheese,Dairy,ricotta,Dairy,19
cheese,Dairy,rosemary,Herb,11
cheese,Dairy,sage,Herb,7
cheese,Dairy,sour cream,Dairy,15
cheese,Dairy,spinach,Vegetable,19
cheese,Dairy,sweet potato/yam,Vegetable,6
cheese,Dairy,swiss cheese,Dairy,8
cheese,Dairy,thyme,Herb,6
cheese,Dairy,tomato,Vegetable,88
cheese,Dairy,tortillas,Misc,11
cheese,Dairy,vinegar,Condiment,5
cheese,Dairy,walnut,Nut,19
cheese,Dairy,white wine,Alcohol,5
cheese,Dairy,yogurt,Dairy,8
cheese,Dairy,zucchini,Vegetable,27
cherry,Fruit,chocolate,Misc,16
cherry,Fruit,cranberry,Fruit,9
cherry,Fruit,cream cheese,Dairy,5
cherry,Fruit,dried fruit,Fruit,13
cherry,Fruit,egg,Poultry,10
cherry,Fruit,kirsch,Alcohol,6
cherry,Fruit,milk/cream,Dairy,10
cherry,Fruit,orange,Fruit,5
cherry,Fruit,pear,Fruit,8
cherry,Fruit,pecan,Nut,6
cherry,Fruit,vanilla,Condiment,6
cherry,Fruit,walnut,Nut,5
chickpea,Vegetable,eggplant,Vegetable,5
chickpea,Vegetable,garlic,Herb,6
chickpea,Vegetable,pasta,Grain,6
chickpea,Vegetable,potato,Vegetable,6
chickpea,Vegetable,tomato,Vegetable,13
chile pepper,Vegetable,cilantro,Herb,12
chile pepper,Vegetable,hot pepper,Vegetable,6
chile pepper,Vegetable,onion,Vegetable,11
chile pepper,Vegetable,tomatillo,Vegetable,5
chile pepper,Vegetable,tomato,Vegetable,7
chive,Vegetable,corn,Vegetable,5
chive,Vegetable,egg,Poultry,9
chive,Vegetable,garlic,Herb,6
chive,Vegetable,goat cheese,Dairy,7
chive,Vegetable,herb,Herb,19
chive,Vegetable,mayonnaise,Condiment,5
chive,Vegetable,milk/cream,Dairy,13
chive,Vegetable,onion,Vegetable,6
chive,Vegetable,parsley,Herb,15
chive,Vegetable,potato,Vegetable,17
chive,Vegetable,sour cream,Dairy,9
chive,Vegetable,tarragon,Herb,8
chocolate,Misc,cinnamon,Spice,19
chocolate,Misc,citrus,Fruit,10
chocolate,Misc,coconut,Fruit,22
chocolate,Misc,coffee,Misc,39
chocolate,Misc,cognac/armagnac,Alcohol,8
chocolate,Misc,cranberry,Fruit,12
chocolate,Misc,cream cheese,Dairy,31
chocolate,Misc,dried fruit,Fruit,10
chocolate,Misc,egg,Poultry,81
chocolate,Misc,frangelico,Alcohol,5
chocolate,Misc,ginger,Vegetable,11
chocolate,Misc,hazelnut,Nut,20
chocolate,Misc,jam or jelly,Condiment,17
chocolate,Misc,lemon,Fruit,7
chocolate,Misc,liqueur,Alcohol,14
chocolate,Misc,macadamia nut,Nut,5
chocolate,Misc,milk/cream,Dairy,108
chocolate,Misc,mint,Herb,12
chocolate,Misc,oat,Grain,8
chocolate,Misc,orange,Fruit,18
chocolate,Misc,peanut,Legume,12
chocolate,Misc,pear,Fruit,7
chocolate,Misc,pecan,Nut,27
chocolate,Misc,pistachio,Nut,15
chocolate,Misc,raisin,Fruit,8
chocolate,Misc,raspberry,Fruit,22
chocolate,Misc,rum,Alcohol,9
chocolate,Misc,sour cream,Dairy,17
chocolate,Misc,strawberry,Fruit,10
chocolate,Misc,vanilla,Condiment,16
chocolate,Misc,walnut,Nut,23
chocolate,Misc,yogurt,Dairy,9
cilantro,Herb,citrus,Fruit,5
cilantro,Herb,coconut,Fruit,5
cilantro,Herb,corn,Vegetable,10
cilantro,Herb,garlic,Herb,15
cilantro,Herb,ginger,Vegetable,13
cilantro,Herb,green onion/scallion,Vegetable,6
cilantro,Herb,herb,Herb,20
cilantro,Herb,hot pepper,Vegetable,17
cilantro,Herb,jalapeno,Vegetable,19
cilantro,Herb,lemon,Fruit,7
cilantro,Herb,lime,Fruit,15
cilantro,Herb,mayonnaise,Condiment,5
cilantro,Herb,mint,Herb,10
cilantro,Herb,monterey jack,Dairy,5
cilantro,Herb,onion,Vegetable,35
cilantro,Herb,parsley,Herb,10
cilantro,Herb,pepper,Vegetable,9
cilantro,Herb,pineapple,Fruit,8
cilantro,Herb,rice,Grain,5
cilantro,Herb,tomatillo,Vegetable,10
cilantro,Herb,tomato,Vegetable,24
cilantro,Herb,tortillas,Misc,8
cinnamon,Spice,citrus,Fruit,6
cinnamon,Spice,clove,Spice,32
cinnamon,Spice,cranberry,Fruit,6
cinnamon,Spice,cream cheese,Dairy,8
cinnamon,Spice,date,Fruit,6
cinnamon,Spice,dried fruit,Fruit,9
cinnamon,Spice,egg,Poultry,33
cinnamon,Spice,ginger,Vegetable,29
cinnamon,Spice,hazelnut,Nut,5
cinnamon,Spice,honey,Condiment,12
cinnamon,Spice,lemon,Fruit,12
cinnamon,Spice,mango,Fruit,6
cinnamon,Spice,milk/cream,Dairy,30
cinnamon,Spice,molasses,Condiment,6
cinnamon,Spice,nutmeg,Spice,13
cinnamon,Spice,oat,Grain,9
cinnamon,Spice,onion,Vegetable,5
cinnamon,Spice,orange,Fruit,6
cinnamon,Spice,pear,Fruit,9
cinnamon,Spice,pecan,Nut,12
cinnamon,Spice,pumpkin,Vegetable,5
cinnamon,Spice,raisin,Fruit,10
cinnamon,Spice,sour cream,Dairy,7
cinnamon,Spice,sweet potato/yam,Vegetable,6
cinnamon,Spice,vanilla,Condiment,11
cinnamon,Spice,vinegar,Condiment,5
cinnamon,Spice,walnut,Nut,11
citrus,Fruit,cranberry,Fruit,7
citrus,Fruit,cream cheese,Dairy,12
citrus,Fruit,egg,Poultry,50
citrus,Fruit,endive,Vegetable,7
citrus,Fruit,fennel,Vegetable,10
citrus,Fruit,fruit juice,Fruit,8
citrus,Fruit,garlic,Herb,10
citrus,Fruit,ginger,Vegetable,11
citrus,Fruit,grapefruit,Fruit,19
citrus,Fruit,green bean,Vegetable,8
citrus,Fruit,herb,Herb,29
citrus,Fruit,honey,Condiment,7
citrus,Fruit,leafy green,Vegetable,17
citrus,Fruit,lemon,Fruit,53
citrus,Fruit,lime,Fruit,17
citrus,Fruit,mango,Fruit,11
citrus,Fruit,milk/cream,Dairy,25
citrus,Fruit,mustard,Condiment,7
citrus,Fruit,olive,Vegetable,11
citrus,Fruit,onion,Vegetable,13
citrus,Fruit,orange,Fruit,48
citrus,Fruit,pasta,Grain,10
citrus,Fruit,pepper,Vegetable,5
citrus,Fruit,pineapple,Fruit,9
citrus,Fruit,pistachio,Nut,5
citrus,Fruit,rice,Grain,5
citrus,Fruit,rum,Alcohol,8
citrus,Fruit,salad dressing,Misc,6
citrus,Fruit,strawberry,Fruit,9
citrus,Fruit,tomato,Vegetable,6
citrus,Fruit,vanilla,Condiment,9
citrus,Fruit,vinegar,Condiment,9
citrus,Fruit,walnut,Nut,6
citrus,Fruit,yogurt,Dairy,5
clove,Spice,dried fruit,Fruit,5
clove,Spice,egg,Poultry,7
clove,Spice,ginger,Vegetable,19
clove,Spice,milk/cream,Dairy,5
clove,Spice,nutmeg,Spice,8
clove,Spice,rice,Grain,5
clove,Spice,vinegar,Condiment,5
coconut,Fruit,cream cheese,Dairy,12
coconut,Fruit,curry,Spice,7
coconut,Fruit,dried fruit,Fruit,5
coconut,Fruit,egg,Poultry,29
coconut,Fruit,ginger,Vegetable,6
coconut,Fruit,lime,Fruit,9
coconut,Fruit,mango,Fruit,12
coconut,Fruit,milk/cream,Dairy,23
coconut,Fruit,mint,Herb,5
coconut,Fruit,oat,Grain,7
coconut,Fruit,orange,Fruit,5
coconut,Fruit,passion fruit,Vegetable,5
coconut,Fruit,pecan,Nut,9
coconut,Fruit,pineapple,Fruit,17
coconut,Fruit,rice,Grain,9
coconut,Fruit,rum,Alcohol,13
coconut,Fruit,sour cream,Dairy,5
coffee,Misc,cream cheese,Dairy,6
coffee,Misc,egg,Poultry,29
coffee,Misc,hazelnut,Nut,5
coffee,Misc,liqueur,Alcohol,7
coffee,Misc,milk/cream,Dairy,29
coffee,Misc,pecan,Nut,6
coffee,Misc,vanilla,Condiment,5
coffee,Misc,walnut,Nut,9
cognac/armagnac,Alcohol,egg,Poultry,9
cognac/armagnac,Alcohol,milk/cream,Dairy,9
cognac/armagnac,Alcohol,prune,Fruit,5
coriander,Herb,cumin,Spice,8
coriander,Herb,ginger,Vegetable,6
corn,Vegetable,cornmeal,Grain,7
corn,Vegetable,egg,Poultry,6
corn,Vegetable,garlic,Herb,6
corn,Vegetable,green bean,Vegetable,5
corn,Vegetable,herb,Herb,8
corn,Vegetable,hot pepper,Vegetable,13
corn,Vegetable,jalapeno,Vegetable,11
corn,Vegetable,milk/cream,Dairy,14
corn,Vegetable,okra,Vegetable,6
corn,Vegetable,onion,Vegetable,12
corn,Vegetable,pepper,Vegetable,7
corn,Vegetable,potato,Vegetable,6
corn,Vegetable,rice,Grain,6
corn,Vegetable,tomato,Vegetable,32
corn,Vegetable,zucchini,Vegetable,12
cornmeal,Grain,egg,Poultry,21
cornmeal,Grain,herb,Herb,5
cornmeal,Grain,hot pepper,Vegetable,7
cornmeal,Grain,lemon,Fruit,5
cornmeal,Grain,milk/cream,Dairy,33
cornmeal,Grain,molasses,Condiment,7
cornmeal,Grain,parmesan,Dairy,9
cornmeal,Grain,sour cream,Dairy,5
cornmeal,Grain,tomato,Vegetable,5
cottage cheese,Dairy,egg,Poultry,12
cottage cheese,Dairy,sour cream,Dairy,6
couscous,Grain,olive,Vegetable,5
couscous,Grain,raisin,Fruit,7
cranberry,Fruit,dried fruit,Fruit,12
cranberry,Fruit,egg,Poultry,8
cranberry,Fruit,fruit juice,Fruit,6
cranberry,Fruit,ginger,Vegetable,12
cranberry,Fruit,kumquat,Fruit,5
cranberry,Fruit,maple syrup,Condiment,5
cranberry,Fruit,milk/cream,Dairy,8
cranberry,Fruit,oat,Grain,8
cranberry,Fruit,onion,Vegetable,6
cranberry,Fruit,orange,Fruit,24
cranberry,Fruit,pear,Fruit,13
cranberry,Fruit,pecan,Nut,11
cranberry,Fruit,raisin,Fruit,6
cranberry,Fruit,walnut,Nut,11
cranberry,Fruit,wine,Alcohol,6
cream cheese,Dairy,egg,Poultry,32
cream cheese,Dairy,ginger,Vegetable,14
cream cheese,Dairy,jam or jelly,Condiment,11
cream cheese,Dairy,lemon,Fruit,14
cream cheese,Dairy,lime,Fruit,6
cream cheese,Dairy,milk/cream,Dairy,32
cream cheese,Dairy,orange,Fruit,13
cream cheese,Dairy,peanut,Legume,6
cream cheese,Dairy,pecan,Nut,8
cream cheese,Dairy,pineapple,Fruit,6
cream cheese,Dairy,potato,Vegetable,5
cream cheese,Dairy,pumpkin,Vegetable,5
cream cheese,Dairy,raisin,Fruit,5
cream cheese,Dairy,raspberry,Fruit,7
cream cheese,Dairy,sour cream,Dairy,26
cream cheese,Dairy,strawberry,Fruit,9
cream cheese,Dairy,vanilla,Condiment,8
cream cheese,Dairy,walnut,Nut,14
cucumber,Vegetable,dill,Vegetable,17
cucumber,Vegetable,feta,Dairy,5
cucumber,Vegetable,herb,Herb,10
cucumber,Vegetable,leafy green,Vegetable,5
cucumber,Vegetable,lemon,Fruit,6
cucumber,Vegetable,mango,Fruit,5
cucumber,Vegetable,mayonnaise,Condiment,5
cucumber,Vegetable,milk/cream,Dairy,6
cucumber,Vegetable,mint,Herb,17
cucumber,Vegetable,onion,Vegetable,8
cucumber,Vegetable,parsley,Herb,10
cucumber,Vegetable,radish,Vegetable,9
cucumber,Vegetable,sour cream,Dairy,8
cucumber,Vegetable,tomato,Vegetable,27
cucumber,Vegetable,vinegar,Condiment,6
cucumber,Vegetable,yogurt,Dairy,13
currant,Fruit,egg,Poultry,9
currant,Fruit,milk/cream,Dairy,6
currant,Fruit,orange,Fruit,5
currant,Fruit,raisin,Fruit,6
curry,Spice,ginger,Vegetable,7
curry,Spice,potato,Vegetable,5
curry,Spice,sweet potato/yam,Vegetable,6
date,Fruit,dried fruit,Fruit,6
date,Fruit,fig,Fruit,5
date,Fruit,honey,Condiment,5
date,Fruit,milk/cream,Dairy,6
date,Fruit,oat,Grain,9
date,Fruit,pecan,Nut,5
date,Fruit,walnut,Nut,15
date,Fruit,yogurt,Dairy,6
dill,Vegetable,egg,Poultry,6
dill,Vegetable,feta,Dairy,7
dill,Vegetable,herb,Herb,13
dill,Vegetable,lemon,Fruit,6
dill,Vegetable,mayonnaise,Condiment,5
dill,Vegetable,mint,Herb,9
dill,Vegetable,onion,Vegetable,10
dill,Vegetable,parsley,Herb,11
dill,Vegetable,potato,Vegetable,8
dill,Vegetable,sour cream,Dairy,9
dill,Vegetable,tomato,Vegetable,5
dill,Vegetable,vinegar,Condiment,6
dill,Vegetable,yogurt,Dairy,8
dried fruit,Fruit,egg,Poultry,6
dried fruit,Fruit,fig,Fruit,10
dried fruit,Fruit,ginger,Vegetable,5
dried fruit,Fruit,honey,Condiment,6
dried fruit,Fruit,milk/cream,Dairy,5
dried fruit,Fruit,oat,Grain,9
dried fruit,Fruit,onion,Vegetable,5
dried fruit,Fruit,pear,Fruit,8
dried fruit,Fruit,pecan,Nut,8
dried fruit,Fruit,pistachio,Nut,9
dried fruit,Fruit,prune,Fruit,6
dried fruit,Fruit,raisin,Fruit,18
dried fruit,Fruit,walnut,Nut,12
egg,Poultry,feta,Dairy,9
egg,Poultry,fruit juice,Fruit,8
egg,Poultry,garlic,Herb,10
egg,Poultry,ginger,Vegetable,32
egg,Poultry,goat cheese,Dairy,11
egg,Poultry,grapefruit,Fruit,5
egg,Poultry,hazelnut,Nut,15
egg,Poultry,herb,Herb,28
egg,Poultry,honey,Condiment,13
egg,Poultry,hot pepper,Vegetable,8
egg,Poultry,jam or jelly,Condiment,15
egg,Poultry,kirsch,Alcohol,5
egg,Poultry,leafy green,Vegetable,13
egg,Poultry,lemon,Fruit,47
egg,Poultry,lime,Fruit,23
egg,Poultry,liqueur,Alcohol,13
egg,Poultry,macadamia nut,Nut,5
egg,Poultry,mango,Fruit,13
egg,Poultry,maple syrup,Condiment,7
egg,Poultry,mayonnaise,Condiment,13
egg,Poultry,milk/cream,Dairy,251
egg,Poultry,mint,Herb,6
egg,Poultry,molasses,Condiment,10
egg,Poultry,mozzarella,Dairy,6
egg,Poultry,mushroom,Vegetable,15
egg,Poultry,mustard,Condiment,6
egg,Poultry,nutmeg,Spice,10
egg,Poultry,oat,Grain,5
egg,Poultry,onion,Vegetable,30
egg,Poultry,orange,Fruit,36
egg,Poultry,parmesan,Dairy,20
egg,Poultry,parsley,Herb,6
egg,Poultry,pasta,Grain,8
egg,Poultry,peach,Fruit,8
egg,Poultry,pear,Fruit,14
egg,Poultry,pecan,Nut,25
egg,Poultry,pepper,Vegetable,15
egg,Poultry,phyllo/puff pastry dough,Misc,10
egg,Poultry,pineapple,Fruit,12
egg,Poultry,pistachio,Nut,20
egg,Poultry,potato,Vegetable,30
egg,Poultry,prune,Fruit,5
egg,Poultry,pumpkin,Vegetable,12
egg,Poultry,raisin,Fruit,21
egg,Poultry,raspberry,Fruit,22
egg,Poultry,rice,Grain,12
egg,Poultry,ricotta,Dairy,5
egg,Poultry,rum,Alcohol,17
egg,Poultry,sour cream,Dairy,26
egg,Poultry,spinach,Vegetable,15
egg,Poultry,strawberry,Fruit,23
egg,Poultry,sweet potato/yam,Vegetable,8
egg,Poultry,swiss cheese,Dairy,5
egg,Poultry,tarragon,Herb,7
egg,Poultry,tequila,Alcohol,5
egg,Poultry,tomato,Vegetable,26
egg,Poultry,vanilla,Condiment,51
egg,Poultry,walnut,Nut,20
egg,Poultry,yogurt,Dairy,9
egg,Poultry,zucchini,Vegetable,8
eggplant,Vegetable,feta,Dairy,6
eggplant,Vegetable,garlic,Herb,9
eggplant,Vegetable,goat cheese,Dairy,9
eggplant,Vegetable,herb,Herb,7
eggplant,Vegetable,mint,Herb,6
eggplant,Vegetable,mozzarella,Dairy,7
eggplant,Vegetable,olive,Vegetable,14
eggplant,Vegetable,onion,Vegetable,13
eggplant,Vegetable,parmesan,Dairy,6
eggplant,Vegetable,pasta,Grain,15
eggplant,Vegetable,pepper,Vegetable,5
eggplant,Vegetable,squash,Vegetable,6
eggplant,Vegetable,tomato,Vegetable,54
eggplant,Vegetable,vinegar,Condiment,5
eggplant,Vegetable,yellow squash,Vegetable,6
eggplant,Vegetable,zucchini,Vegetable,15
endive,Vegetable,fennel,Vegetable,5
endive,Vegetable,leafy green,Vegetable,13
endive,Vegetable,mustard,Condiment,5
endive,Vegetable,onion,Vegetable,5
endive,Vegetable,orange,Fruit,8
endive,Vegetable,spinach,Vegetable,5
endive,Vegetable,vinegar,Condiment,5
endive,Vegetable,walnut,Nut,9
escarole,Vegetable,leafy green,Vegetable,7
escarole,Vegetable,onion,Vegetable,5
fennel,Vegetable,garlic,Herb,7
fennel,Vegetable,grapefruit,Fruit,7
fennel,Vegetable,green bean,Vegetable,5
fennel,Vegetable,herb,Herb,6
fennel,Vegetable,leafy green,Vegetable,9
fennel,Vegetable,lemon,Fruit,7
fennel,Vegetable,lettuce,Vegetable,5
fennel,Vegetable,mustard,Condiment,5
fennel,Vegetable,olive,Vegetable,7
fennel,Vegetable,onion,Vegetable,14
fennel,Vegetable,orange,Fruit,11
fennel,Vegetable,parsley,Herb,6
fennel,Vegetable,raisin,Fruit,5
fennel,Vegetable,tarragon,Herb,5
fennel,Vegetable,tomato,Vegetable,6
fennel,Vegetable,vinegar,Condiment,5
feta,Dairy,garlic,Herb,8
feta,Dairy,herb,Herb,11
feta,Dairy,leafy green,Vegetable,13
feta,Dairy,mint,Herb,11
feta,Dairy,olive,Vegetable,17
feta,Dairy,onion,Vegetable,10
feta,Dairy,pasta,Grain,10
feta,Dairy,phyllo/puff pastry dough,Misc,8
feta,Dairy,pine nut,Nut,6
feta,Dairy,spinach,Vegetable,11
feta,Dairy,tomato,Vegetable,27
feta,Dairy,watermelon,Fruit,6
feta,Dairy,yogurt,Dairy,6
feta,Dairy,zucchini,Vegetable,6
fig,Fruit,goat cheese,Dairy,5
fig,Fruit,honey,Condiment,8
fig,Fruit,milk/cream,Dairy,6
fig,Fruit,pear,Fruit,9
fig,Fruit,pecan,Nut,8
fig,Fruit,raisin,Fruit,5
fig,Fruit,walnut,Nut,8
fontina,Dairy,mushroom,Vegetable,5
frangelico,Alcohol,hazelnut,Nut,7
frangelico,Alcohol,milk/cream,Dairy,7
fruit juice,Fruit,garlic,Herb,5
fruit juice,Fruit,ginger,Vegetable,5
fruit juice,Fruit,lemon,Fruit,6
fruit juice,Fruit,liqueur,Alcohol,9
fruit juice,Fruit,milk/cream,Dairy,6
fruit juice,Fruit,onion,Vegetable,6
fruit juice,Fruit,orange,Fruit,25
fruit juice,Fruit,pineapple,Fruit,7
garlic,Herb,ginger,Vegetable,22
garlic,Herb,goat cheese,Dairy,8
garlic,Herb,green bean,Vegetable,11
garlic,Herb,herb,Herb,57
garlic,Herb,hot pepper,Vegetable,8
garlic,Herb,jalapeno,Vegetable,9
garlic,Herb,leafy green,Vegetable,28
garlic,Herb,lemon,Fruit,23
garlic,Herb,mayonnaise,Condiment,5
garlic,Herb,milk/cream,Dairy,19
garlic,Herb,mint,Herb,6
garlic,Herb,mozzarella,Dairy,5
garlic,Herb,mushroom,Vegetable,17
garlic,Herb,olive,Vegetable,15
garlic,Herb,onion,Vegetable,52
garlic,Herb,orange,Fruit,6
garlic,Herb,parmesan,Dairy,29
garlic,Herb,parsley,Herb,22
garlic,Herb,parsnip,Vegetable,5
garlic,Herb,pasta,Grain,34
garlic,Herb,pea,Vegetable,8
garlic,Herb,pepper,Vegetable,14
garlic,Herb,pine nut,Nut,10
garlic,Herb,potato,Vegetable,46
garlic,Herb,raisin,Fruit,5
garlic,Herb,rice,Grain,7
garlic,Herb,ricotta,Dairy,6
garlic,Herb,rosemary,Herb,13
garlic,Herb,soy,Vegetable,5
garlic,Herb,spinach,Vegetable,11
garlic,Herb,sweet potato/yam,Vegetable,5
garlic,Herb,thyme,Herb,11
garlic,Herb,tomato,Vegetable,62
garlic,Herb,vinegar,Condiment,11
garlic,Herb,walnut,Nut,5
garlic,Herb,yogurt,Dairy,6
garlic,Herb,zucchini,Vegetable,14
ginger,Vegetable,green bean,Vegetable,6
ginger,Vegetable,green onion/scallion,Vegetable,5
ginger,Vegetable,herb,Herb,10
ginger,Vegetable,honey,Condiment,8
ginger,Vegetable,leafy green,Vegetable,7
ginger,Vegetable,lemon,Fruit,14
ginger,Vegetable,lentil,Legume,6
ginger,Vegetable,lime,Fruit,10
ginger,Vegetable,mango,Fruit,12
ginger,Vegetable,milk/cream,Dairy,33
ginger,Vegetable,molasses,Condiment,23
ginger,Vegetable,mushroom,Vegetable,9
ginger,Vegetable,noodle,Grain,8
ginger,Vegetable,nutmeg,Spice,8
ginger,Vegetable,onion,Vegetable,10
ginger,Vegetable,orange,Fruit,11
ginger,Vegetable,parsley,Herb,5
ginger,Vegetable,pasta,Grain,6
ginger,Vegetable,pear,Fruit,14
ginger,Vegetable,pecan,Nut,8
ginger,Vegetable,pineapple,Fruit,6
ginger,Vegetable,pistachio,Nut,7
ginger,Vegetable,plum,Fruit,6
ginger,Vegetable,pumpkin,Vegetable,8
ginger,Vegetable,raisin,Fruit,17
ginger,Vegetable,rice,Grain,13
ginger,Vegetable,sour cream,Dairy,6
ginger,Vegetable,soy,Vegetable,8
ginger,Vegetable,soy sauce,Condiment,11
ginger,Vegetable,sweet potato/yam,Vegetable,10
ginger,Vegetable,tofu,Misc,5
ginger,Vegetable,tomato,Vegetable,7
ginger,Vegetable,vinegar,Condiment,13
ginger,Vegetable,yogurt,Dairy,6
ginger,Vegetable,zucchini,Vegetable,5
goat cheese,Dairy,herb,Herb,16
goat cheese,Dairy,leafy green,Vegetable,18
goat cheese,Dairy,milk/cream,Dairy,11
goat cheese,Dairy,mint,Herb,8
goat cheese,Dairy,mushroom,Vegetable,11
goat cheese,Dairy,olive,Vegetable,11
goat cheese,Dairy,onion,Vegetable,14
goat cheese,Dairy,parsley,Herb,5
goat cheese,Dairy,pasta,Grain,15
goat cheese,Dairy,pepper,Vegetable,6
goat cheese,Dairy,potato,Vegetable,12
goat cheese,Dairy,spinach,Vegetable,7
goat cheese,Dairy,thyme,Herb,6
goat cheese,Dairy,tomato,Vegetable,31
goat cheese,Dairy,walnut,Nut,7
goat cheese,Dairy,zucchini,Vegetable,6
grapefruit,Fruit,leafy green,Vegetable,10
grapefruit,Fruit,orange,Fruit,13
green bean,Vegetable,herb,Herb,10
green bean,Vegetable,hot pepper,Vegetable,5
green bean,Vegetable,lemon,Fruit,8
green bean,Vegetable,mustard,Condiment,5
green bean,Vegetable,onion,Vegetable,11
green bean,Vegetable,parsley,Herb,5
green bean,Vegetable,pasta,Grain,7
green bean,Vegetable,pea,Vegetable,7
green bean,Vegetable,pecan,Nut,5
green bean,Vegetable,potato,Vegetable,11
green bean,Vegetable,tomato,Vegetable,8
green bean,Vegetable,vinegar,Condiment,8
hazelnut,Nut,honey,Condiment,6
hazelnut,Nut,milk/cream,Dairy,11
hazelnut,Nut,orange,Fruit,5
hazelnut,Nut,pear,Fruit,10
hazelnut,Nut,walnut,Nut,7
herb,Herb,hot pepper,Vegetable,9
herb,Herb,jalapeno,Vegetable,10
herb,Herb,leafy green,Vegetable,26
herb,Herb,lemon,Fruit,15
herb,Herb,lime,Fruit,5
herb,Herb,milk/cream,Dairy,19
herb,Herb,mint,Herb,34
herb,Herb,mushroom,Vegetable,23
herb,Herb,mustard,Condiment,6
herb,Herb,noodle,Grain,6
herb,Herb,olive,Vegetable,14
herb,Herb,onion,Vegetable,51
herb,Herb,parmesan,Dairy,11
herb,Herb,parsley,Herb,34
herb,Herb,pasta,Grain,42
herb,Herb,pea,Vegetable,8
herb,Herb,pepper,Vegetable,20
herb,Herb,phyllo/puff pastry dough,Misc,5
herb,Herb,pistachio,Nut,8
herb,Herb,potato,Vegetable,41
herb,Herb,radish,Vegetable,5
herb,Herb,rice,Grain,12
herb,Herb,ricotta,Dairy,7
herb,Herb,rosemary,Herb,11
herb,Herb,sage,Herb,9
herb,Herb,sour cream,Dairy,13
herb,Herb,soy,Vegetable,7
herb,Herb,spinach,Vegetable,5
herb,Herb,sugar snap pea,Vegetable,7
herb,Herb,sweet potato/yam,Vegetable,7
herb,Herb,tarragon,Herb,13
herb,Herb,thyme,Herb,15
herb,Herb,tomatillo,Vegetable,7
herb,Herb,tomato,Vegetable,54
herb,Herb,walnut,Nut,5
herb,Herb,yogurt,Dairy,15
herb,Herb,zucchini,Vegetable,20
honey,Condiment,lemon,Fruit,14
honey,Condiment,milk/cream,Dairy,15
honey,Condiment,mustard,Condiment,5
honey,Condiment,oat,Grain,12
honey,Condiment,orange,Fruit,16
honey,Condiment,peach,Fruit,6
honey,Condiment,pecan,Nut,8
honey,Condiment,phyllo/puff pastry dough,Misc,6
honey,Condiment,pistachio,Nut,6
honey,Condiment,raisin,Fruit,6
honey,Condiment,strawberry,Fruit,6
honey,Condiment,vinegar,Condiment,9
honey,Condiment,walnut,Nut,20
honey,Condiment,yogurt,Dairy,10
horseradish,Vegetable,mustard,Condiment,5
horseradish,Vegetable,onion,Vegetable,6
horseradish,Vegetable,potato,Vegetable,13
horseradish,Vegetable,vinegar,Condiment,8
hot pepper,Vegetable,jalapeno,Vegetable,7
hot pepper,Vegetable,lime,Fruit,5
hot pepper,Vegetable,milk/cream,Dairy,8
hot pepper,Vegetable,onion,Vegetable,17
hot pepper,Vegetable,pepper,Vegetable,17
hot pepper,Vegetable,potato,Vegetable,6
hot pepper,Vegetable,sweet potato/yam,Vegetable,5
hot pepper,Vegetable,tomatillo,Vegetable,9
hot pepper,Vegetable,tomato,Vegetable,18
hot pepper,Vegetable,vinegar,Condiment,8
jalapeno,Vegetable,lemon,Fruit,5
jalapeno,Vegetable,lime,Fruit,8
jalapeno,Vegetable,mint,Herb,6
jalapeno,Vegetable,onion,Vegetable,30
jalapeno,Vegetable,pepper,Vegetable,8
jalapeno,Vegetable,pineapple,Fruit,6
jalapeno,Vegetable,sour cream,Dairy,8
jalapeno,Vegetable,tomatillo,Vegetable,5
jalapeno,Vegetable,tomato,Vegetable,19
jam or jelly,Condiment,milk/cream,Dairy,13
jam or jelly,Condiment,orange,Fruit,5
jam or jelly,Condiment,peanut,Legume,5
jam or jelly,Condiment,raspberry,Fruit,12
kale,Vegetable,leafy green,Vegetable,13
kale,Vegetable,onion,Vegetable,7
kale,Vegetable,parmesan,Dairy,5
kale,Vegetable,potato,Vegetable,5
kirsch,Alcohol,milk/cream,Dairy,6
kiwi,Fruit,mango,Fruit,6
kiwi,Fruit,orange,Fruit,6
kiwi,Fruit,pineapple,Fruit,6
kiwi,Fruit,strawberry,Fruit,6
leafy green,Vegetable,lemon,Fruit,7
leafy green,Vegetable,lettuce,Vegetable,13
leafy green,Vegetable,mayonnaise,Condiment,8
leafy green,Vegetable,mushroom,Vegetable,10
leafy green,Vegetable,mustard,Condiment,9
leafy green,Vegetable,olive,Vegetable,15
leafy green,Vegetable,onion,Vegetable,30
leafy green,Vegetable,orange,Fruit,13
leafy green,Vegetable,parmesan,Dairy,15
leafy green,Vegetable,parsley,Herb,10
leafy green,Vegetable,pasta,Grain,16
leafy green,Vegetable,pear,Fruit,5
leafy green,Vegetable,pecan,Nut,6
leafy green,Vegetable,pepper,Vegetable,11
leafy green,Vegetable,pine nut,Nut,16
leafy green,Vegetable,potato,Vegetable,7
leafy green,Vegetable,radish,Vegetable,8
leafy green,Vegetable,raisin,Fruit,9
leafy green,Vegetable,salad dressing,Misc,9
leafy green,Vegetable,spinach,Vegetable,29
leafy green,Vegetable,tomato,Vegetable,27
leafy green,Vegetable,vinegar,Condiment,22
leafy green,Vegetable,walnut,Nut,11
leafy green,Vegetable,watercress,Vegetable,10
leek,Vegetable,mushroom,Vegetable,8
leek,Vegetable,onion,Vegetable,9
leek,Vegetable,potato,Vegetable,10
leek,Vegetable,turnip,Vegetable,5
legume,Legume,onion,Vegetable,6
lemon,Fruit,lemon juice,Fruit,12
lemon,Fruit,mayonnaise,Condiment,11
lemon,Fruit,milk/cream,Dairy,44
lemon,Fruit,mint,Herb,8
lemon,Fruit,mustard,Condiment,8
lemon,Fruit,olive,Vegetable,10
lemon,Fruit,onion,Vegetable,15
lemon,Fruit,orange,Fruit,15
lemon,Fruit,parmesan,Dairy,9
lemon,Fruit,parsley,Herb,19
lemon,Fruit,pasta,Grain,13
lemon,Fruit,pine nut,Nut,5
lemon,Fruit,pistachio,Nut,8
lemon,Fruit,potato,Vegetable,8
lemon,Fruit,red wine,Alcohol,5
lemon,Fruit,salad dressing,Misc,5
lemon,Fruit,sour cream,Dairy,10
lemon,Fruit,strawberry,Fruit,14
lemon,Fruit,thyme,Herb,6
lemon,Fruit,tomato,Vegetable,8
lemon,Fruit,vanilla,Condiment,8
lemon,Fruit,walnut,Nut,10
lemon,Fruit,yogurt,Dairy,8
lemon,Fruit,zucchini,Vegetable,7
lentil,Legume,onion,Vegetable,5
lentil,Legume,tomato,Vegetable,7
lettuce,Vegetable,mustard,Condiment,6
lettuce,Vegetable,onion,Vegetable,5
lettuce,Vegetable,parmesan,Dairy,5
lettuce,Vegetable,radish,Vegetable,7
lettuce,Vegetable,salad dressing,Misc,5
lettuce,Vegetable,tomato,Vegetable,5
lettuce,Vegetable,walnut,Nut,6
lime,Fruit,mango,Fruit,12
lime,Fruit,melon,Fruit,6
lime,Fruit,milk/cream,Dairy,13
lime,Fruit,mint,Herb,10
lime,Fruit,onion,Vegetable,16
lime,Fruit,pineapple,Fruit,7
lime,Fruit,rum,Alcohol,8
lime,Fruit,strawberry,Fruit,5
lime,Fruit,tomato,Vegetable,6
lime juice,Fruit,milk/cream,Dairy,5
liqueur,Alcohol,milk/cream,Dairy,20
liqueur,Alcohol,orange,Fruit,15
liqueur,Alcohol,raspberry,Fruit,8
macadamia nut,Nut,pineapple,Fruit,5
mango,Fruit,milk/cream,Dairy,10
mango,Fruit,orange,Fruit,5
mango,Fruit,papaya,Fruit,6
mango,Fruit,pineapple,Fruit,19
mango,Fruit,raisin,Fruit,5
mango,Fruit,rum,Alcohol,9
mango,Fruit,strawberry,Fruit,5
mango,Fruit,yogurt,Dairy,6
maple syrup,Condiment,milk/cream,Dairy,8
maple syrup,Condiment,oat,Grain,5
maple syrup,Condiment,pear,Fruit,5
maple syrup,Condiment,pecan,Nut,9
maple syrup,Condiment,sweet potato/yam,Vegetable,6
maple syrup,Condiment,vinegar,Condiment,5
maple syrup,Condiment,walnut,Nut,6
mayonnaise,Condiment,milk/cream,Dairy,9
mayonnaise,Condiment,mustard,Condiment,7
mayonnaise,Condiment,onion,Vegetable,11
mayonnaise,Condiment,parmesan,Dairy,5
mayonnaise,Condiment,parsley,Herb,6
mayonnaise,Condiment,potato,Vegetable,13
mayonnaise,Condiment,salad dressing,Misc,5
mayonnaise,Condiment,sour cream,Dairy,14
mayonnaise,Condiment,vinegar,Condiment,9
melon,Fruit,mint,Herb,5
melon,Fruit,watermelon,Fruit,7
milk/cream,Dairy,mint,Herb,19
milk/cream,Dairy,molasses,Condiment,10
milk/cream,Dairy,monterey jack,Dairy,5
milk/cream,Dairy,mozzarella,Dairy,11
milk/cream,Dairy,mushroom,Vegetable,20
milk/cream,Dairy,nutmeg,Spice,13
milk/cream,Dairy,onion,Vegetable,28
milk/cream,Dairy,orange,Fruit,25
milk/cream,Dairy,parmesan,Dairy,31
milk/cream,Dairy,parsley,Herb,15
milk/cream,Dairy,pasta,Grain,21
milk/cream,Dairy,pea,Vegetable,5
milk/cream,Dairy,peach,Fruit,11
milk/cream,Dairy,peanut,Legume,10
milk/cream,Dairy,pear,Fruit,13
milk/cream,Dairy,pecan,Nut,18
milk/cream,Dairy,pepper,Vegetable,6
milk/cream,Dairy,phyllo/puff pastry dough,Misc,13
milk/cream,Dairy,pineapple,Fruit,10
milk/cream,Dairy,pistachio,Nut,14
milk/cream,Dairy,plum,Fruit,6
milk/cream,Dairy,potato,Vegetable,58
milk/cream,Dairy,pumpkin,Vegetable,12
milk/cream,Dairy,raisin,Fruit,17
milk/cream,Dairy,raspberry,Fruit,32
milk/cream,Dairy,rice,Grain,16
milk/cream,Dairy,rosemary,Herb,9
milk/cream,Dairy,rum,Alcohol,18
milk/cream,Dairy,sage,Herb,8
milk/cream,Dairy,sour cream,Dairy,20
milk/cream,Dairy,spinach,Vegetable,13
milk/cream,Dairy,strawberry,Fruit,36
milk/cream,Dairy,sweet potato/yam,Vegetable,12
milk/cream,Dairy,thyme,Herb,10
milk/cream,Dairy,tomato,Vegetable,12
milk/cream,Dairy,vanilla,Condiment,58
milk/cream,Dairy,walnut,Nut,18
milk/cream,Dairy,white wine,Alcohol,9
milk/cream,Dairy,yogurt,Dairy,7
mint,Herb,olive,Vegetable,6
mint,Herb,onion,Vegetable,20
mint,Herb,orange,Fruit,6
mint,Herb,parsley,Herb,22
mint,Herb,pasta,Grain,9
mint,Herb,peanut,Legume,5
mint,Herb,pineapple,Fruit,5
mint,Herb,potato,Vegetable,6
mint,Herb,rice,Grain,6
mint,Herb,ricotta,Dairy,5
mint,Herb,sour cream,Dairy,6
mint,Herb,strawberry,Fruit,9
mint,Herb,sugar snap pea,Vegetable,6
mint,Herb,tomato,Vegetable,22
mint,Herb,watermelon,Fruit,6
mint,Herb,yogurt,Dairy,13
mint,Herb,zucchini,Vegetable,8
monterey jack,Dairy,tortillas,Misc,7
mozzarella,Dairy,mushroom,Vegetable,5
mozzarella,Dairy,olive,Vegetable,7
mozzarella,Dairy,parmesan,Dairy,14
mozzarella,Dairy,pasta,Grain,14
mozzarella,Dairy,potato,Vegetable,6
mozzarella,Dairy,ricotta,Dairy,6
mozzarella,Dairy,tomato,Vegetable,25
mushroom,Vegetable,noodle,Grain,8
mushroom,Vegetable,olive,Vegetable,6
mushroom,Vegetable,onion,Vegetable,32
mushroom,Vegetable,parmesan,Dairy,21
mushroom,Vegetable,parsley,Herb,10
mushroom,Vegetable,pasta,Grain,31
mushroom,Vegetable,pea,Vegetable,5
mushroom,Vegetable,pepper,Vegetable,13
mushroom,Vegetable,potato,Vegetable,21
mushroom,Vegetable,rice,Grain,13
mushroom,Vegetable,rosemary,Herb,10
mushroom,Vegetable,sour cream,Dairy,5
mushroom,Vegetable,soy,Vegetable,7
mushroom,Vegetable,spinach,Vegetable,13
mushroom,Vegetable,sweet potato/yam,Vegetable,5
mushroom,Vegetable,swiss cheese,Dairy,5
mushroom,Vegetable,thyme,Herb,7
mushroom,Vegetable,tomato,Vegetable,19
mushroom,Vegetable,white wine,Alcohol,10
mustard,Condiment,onion,Vegetable,19
mustard,Condiment,potato,Vegetable,11
mustard,Condiment,salad dressing,Misc,6
mustard,Condiment,vinegar,Condiment,14
noodle,Grain,pasta,Grain,19
noodle,Grain,tomato,Vegetable,6
noodle,Grain,zucchini,Vegetable,6
nutmeg,Spice,vanilla,Condiment,5
oat,Grain,pecan,Nut,9
oat,Grain,raisin,Fruit,5
oat,Grain,walnut,Nut,8
okra,Vegetable,tomato,Vegetable,6
olive,Vegetable,onion,Vegetable,18
olive,Vegetable,orange,Fruit,5
olive,Vegetable,parmesan,Dairy,6
olive,Vegetable,parsley,Herb,7
olive,Vegetable,pasta,Grain,19
olive,Vegetable,pepper,Vegetable,12
olive,Vegetable,pine nut,Nut,5
olive,Vegetable,potato,Vegetable,6
olive,Vegetable,rosemary,Herb,6
olive,Vegetable,tomato,Vegetable,43
olive,Vegetable,vinegar,Condiment,5
olive,Vegetable,zucchini,Vegetable,7
onion,Vegetable,orange,Fruit,8
onion,Vegetable,parmesan,Dairy,20
onion,Vegetable,parsley,Herb,13
onion,Vegetable,parsnip,Vegetable,7
onion,Vegetable,pasta,Grain,21
onion,Vegetable,pea,Vegetable,6
onion,Vegetable,pepper,Vegetable,36
onion,Vegetable,pine nut,Nut,10
onion,Vegetable,pineapple,Fruit,6
onion,Vegetable,potato,Vegetable,51
onion,Vegetable,raisin,Fruit,13
onion,Vegetable,rice,Grain,17
onion,Vegetable,rosemary,Herb,9
onion,Vegetable,sage,Herb,6
onion,Vegetable,sour cream,Dairy,15
onion,Vegetable,spinach,Vegetable,16
onion,Vegetable,squash,Vegetable,7
onion,Vegetable,sweet potato/yam,Vegetable,9
onion,Vegetable,tarragon,Herb,5
onion,Vegetable,thyme,Herb,14
onion,Vegetable,tomatillo,Vegetable,12
onion,Vegetable,tomato,Vegetable,86
onion,Vegetable,vinegar,Condiment,39
onion,Vegetable,walnut,Nut,7
onion,Vegetable,yogurt,Dairy,10
onion,Vegetable,zucchini,Vegetable,16
orange,Fruit,pecan,Nut,10
orange,Fruit,pineapple,Fruit,11
orange,Fruit,pistachio,Nut,6
orange,Fruit,pomegranate,Fruit,6
orange,Fruit,raisin,Fruit,7
orange,Fruit,raspberry,Fruit,9
orange,Fruit,red wine,Alcohol,7
orange,Fruit,rice,Grain,5
orange,Fruit,sour cream,Dairy,6
orange,Fruit,sparkling wine,Alcohol,5
orange,Fruit,strawberry,Fruit,9
orange,Fruit,sweet potato/yam,Vegetable,9
orange,Fruit,vanilla,Condiment,9
orange,Fruit,vinegar,Condiment,6
orange,Fruit,walnut,Nut,12
orange,Fruit,yogurt,Dairy,5
papaya,Fruit,pineapple,Fruit,5
parmesan,Dairy,parsley,Herb,13
parmesan,Dairy,pasta,Grain,42
parmesan,Dairy,pea,Vegetable,5
parmesan,Dairy,pine nut,Nut,14
parmesan,Dairy,potato,Vegetable,20
parmesan,Dairy,ricotta,Dairy,14
parmesan,Dairy,rosemary,Herb,5
parmesan,Dairy,sage,Herb,11
parmesan,Dairy,spinach,Vegetable,13
parmesan,Dairy,squash,Vegetable,6
parmesan,Dairy,thyme,Herb,5
parmesan,Dairy,tomato,Vegetable,25
parmesan,Dairy,white wine,Alcohol,5
parmesan,Dairy,zucchini,Vegetable,11
parsley,Herb,pasta,Grain,13
parsley,Herb,pea,Vegetable,5
parsley,Herb,pine nut,Nut,5
parsley,Herb,potato,Vegetable,16
parsley,Herb,rice,Grain,5
parsley,Herb,tarragon,Herb,8
parsley,Herb,thyme,Herb,6
parsley,Herb,tomato,Vegetable,16
parsley,Herb,vinegar,Condiment,6
parsley,Herb,walnut,Nut,7
parsley,Herb,zucchini,Vegetable,5
parsnip,Vegetable,potato,Vegetable,15
parsnip,Vegetable,rosemary,Herb,5
parsnip,Vegetable,rutabaga,Vegetable,5
parsnip,Vegetable,turnip,Vegetable,12
pasta,Grain,pea,Vegetable,10
pasta,Grain,peanut,Legume,6
pasta,Grain,pepper,Vegetable,12
pasta,Grain,pine nut,Nut,14
pasta,Grain,potato,Vegetable,6
pasta,Grain,raisin,Fruit,7
pasta,Grain,ricotta,Dairy,18
pasta,Grain,sage,Herb,5
pasta,Grain,sour cream,Dairy,5
pasta,Grain,spinach,Vegetable,11
pasta,Grain,squash,Vegetable,8
pasta,Grain,sugar snap pea,Vegetable,5
pasta,Grain,tomato,Vegetable,76
pasta,Grain,walnut,Nut,7
pasta,Grain,white wine,Alcohol,6
pasta,Grain,zucchini,Vegetable,14
pea,Vegetable,potato,Vegetable,7
pea,Vegetable,rice,Grain,8
pea,Vegetable,sugar snap pea,Vegetable,5
pea,Vegetable,tomato,Vegetable,9
peach,Fruit,raspberry,Fruit,12
pear,Fruit,phyllo/puff pastry dough,Misc,6
pear,Fruit,raspberry,Fruit,6
pear,Fruit,red wine,Alcohol,6
pear,Fruit,walnut,Nut,10
pear,Fruit,white wine,Alcohol,5
pecan,Nut,pumpkin,Vegetable,5
pecan,Nut,raisin,Fruit,10
pecan,Nut,rum,Alcohol,5
pecan,Nut,sour cream,Dairy,6
pecan,Nut,sweet potato/yam,Vegetable,13
pecan,Nut,vanilla,Condiment,7
pecan,Nut,walnut,Nut,10
pepper,Vegetable,potato,Vegetable,7
pepper,Vegetable,rice,Grain,8
pepper,Vegetable,sour cream,Dairy,7
pepper,Vegetable,spinach,Vegetable,5
pepper,Vegetable,tomatillo,Vegetable,7
pepper,Vegetable,tomato,Vegetable,26
pepper,Vegetable,zucchini,Vegetable,7
phyllo/puff pastry dough,Misc,raspberry,Fruit,5
phyllo/puff pastry dough,Misc,tomato,Vegetable,7
pine nut,Nut,raisin,Fruit,16
pine nut,Nut,rice,Grain,7
pine nut,Nut,ricotta,Dairy,5
pine nut,Nut,spinach,Vegetable,5
pine nut,Nut,tomato,Vegetable,12
pineapple,Fruit,rum,Alcohol,8
pineapple,Fruit,strawberry,Fruit,5
pistachio,Nut,raisin,Fruit,11
pistachio,Nut,rice,Grain,6
pistachio,Nut,strawberry,Fruit,5
pistachio,Nut,walnut,Nut,5
pistachio,Nut,yogurt,Dairy,6
plum,Fruit,vanilla,Condiment,5
potato,Vegetable,rosemary,Herb,18
potato,Vegetable,sage,Herb,8
potato,Vegetable,sour cream,Dairy,9
potato,Vegetable,spinach,Vegetable,6
potato,Vegetable,sugar snap pea,Vegetable,5
potato,Vegetable,sweet potato/yam,Vegetable,22
potato,Vegetable,thyme,Herb,11
potato,Vegetable,tomato,Vegetable,18
potato,Vegetable,turnip,Vegetable,10
potato,Vegetable,vinegar,Condiment,7
potato,Vegetable,yogurt,Dairy,5
potato,Vegetable,zucchini,Vegetable,8
pumpkin,Vegetable,squash,Vegetable,7
pumpkin,Vegetable,walnut,Nut,7
radish,Vegetable,watercress,Vegetable,7
raisin,Fruit,rice,Grain,18
raisin,Fruit,rum,Alcohol,10
raisin,Fruit,sour cream,Dairy,5
raisin,Fruit,vinegar,Condiment,7
raisin,Fruit,walnut,Nut,14
raspberry,Fruit,rhubarb,Fruit,5
raspberry,Fruit,strawberry,Fruit,14
raspberry,Fruit,yogurt,Dairy,5
rhubarb,Fruit,strawberry,Fruit,12
rice,Grain,saffron,Spice,7
rice,Grain,tomato,Vegetable,18
ricotta,Dairy,spinach,Vegetable,6
ricotta,Dairy,tomato,Vegetable,13
ricotta,Dairy,zucchini,Vegetable,5
rosemary,Herb,thyme,Herb,7
sage,Herb,sweet potato/yam,Vegetable,5
salad dressing,Misc,vinegar,Condiment,7
sour cream,Dairy,vanilla,Condiment,5
soy,Vegetable,soy sauce,Condiment,5
soy,Vegetable,tofu,Misc,11
soy sauce,Condiment,tofu,Misc,7
spinach,Vegetable,tomato,Vegetable,8
spinach,Vegetable,vinegar,Condiment,8
squash,Vegetable,tomato,Vegetable,7
squash,Vegetable,zucchini,Vegetable,8
strawberry,Fruit,vanilla,Condiment,5
strawberry,Fruit,vinegar,Condiment,7
tarragon,Herb,tomato,Vegetable,6
tarragon,Herb,zucchini,Vegetable,5
thyme,Herb,tomato,Vegetable,7
tomato,Vegetable,tortillas,Misc,11
tomato,Vegetable,vinegar,Condiment,12
tomato,Vegetable,yogurt,Dairy,10
tomato,Vegetable,zucchini,Vegetable,32
vinegar,Condiment,walnut,Nut,5
walnut,Nut,yogurt,Dairy,10
walnut,Nut,zucchini,Vegetable,6
yellow squash,Vegetable,zucchini,Vegetable,11
yogurt,Dairy,zucchini,Vegetable,5